jump_n_m,sigma_neck_MPa,P_kN,elastic_def_um,def_Ls_um,damage,kappa
0.0000e+00,0.0000,0.0000,0.0000,0.0000,0.0000,2.5700e-09
3.8939e-11,0.0389,0.4673,0.1100,0.1101,0.0000,2.5700e-09
7.7879e-11,0.0779,0.9345,0.2200,0.2201,0.0000,2.5700e-09
1.1682e-10,0.1168,1.4018,0.3301,0.3302,0.0000,2.5700e-09
1.5576e-10,0.1558,1.8691,0.4401,0.4402,0.0000,2.5700e-09
1.9470e-10,0.1947,2.3364,0.5501,0.5503,0.0000,2.5700e-09
2.3364e-10,0.2336,2.8036,0.6601,0.6603,0.0000,2.5700e-09
2.7258e-10,0.2726,3.2709,0.7701,0.7704,0.0000,2.5700e-09
3.1152e-10,0.3115,3.7382,0.8801,0.8804,0.0000,2.5700e-09
3.5045e-10,0.3505,4.2055,0.9902,0.9905,0.0000,2.5700e-09
3.8939e-10,0.3894,4.6727,1.1002,1.1006,0.0000,2.5700e-09
4.2833e-10,0.4283,5.1400,1.2102,1.2106,0.0000,2.5700e-09
4.6727e-10,0.4673,5.6073,1.3202,1.3207,0.0000,2.5700e-09
5.0621e-10,0.5062,6.0745,1.4302,1.4307,0.0000,2.5700e-09
5.4515e-10,0.5452,6.5418,1.5402,1.5408,0.0000,2.5700e-09
5.8409e-10,0.5841,7.0091,1.6503,1.6508,0.0000,2.5700e-09
6.2303e-10,0.6230,7.4764,1.7603,1.7609,0.0000,2.5700e-09
6.6197e-10,0.6620,7.9436,1.8703,1.8709,0.0000,2.5700e-09
7.0091e-10,0.7009,8.4109,1.9803,1.9810,0.0000,2.5700e-09
7.3985e-10,0.7398,8.8782,2.0903,2.0911,0.0000,2.5700e-09
7.7879e-10,0.7788,9.3455,2.2003,2.2011,0.0000,2.5700e-09
8.1773e-10,0.8177,9.8127,2.3104,2.3112,0.0000,2.5700e-09
8.5667e-10,0.8567,10.2800,2.4204,2.4212,0.0000,2.5700e-09
8.9561e-10,0.8956,10.7473,2.5304,2.5313,0.0000,2.5700e-09
9.3455e-10,0.9345,11.2145,2.6404,2.6413,0.0000,2.5700e-09
9.7348e-10,0.9735,11.6818,2.7504,2.7514,0.0000,2.5700e-09
1.0124e-09,1.0124,12.1491,2.8604,2.8615,0.0000,2.5700e-09
1.0514e-09,1.0514,12.6164,2.9705,2.9715,0.0000,2.5700e-09
1.0903e-09,1.0903,13.0836,3.0805,3.0816,0.0000,2.5700e-09
1.1292e-09,1.1292,13.5509,3.1905,3.1916,0.0000,2.5700e-09
1.1682e-09,1.1682,14.0182,3.3005,3.3017,0.0000,2.5700e-09
1.2071e-09,1.2071,14.4855,3.4105,3.4117,0.0000,2.5700e-09
1.2461e-09,1.2461,14.9527,3.5205,3.5218,0.0000,2.5700e-09
1.2850e-09,1.2850,15.4200,3.6306,3.6318,0.0000,2.5700e-09
1.3239e-09,1.3239,15.8873,3.7406,3.7419,0.0000,2.5700e-09
1.3629e-09,1.3629,16.3545,3.8506,3.8520,0.0000,2.5700e-09
1.4018e-09,1.4018,16.8218,3.9606,3.9620,0.0000,2.5700e-09
1.4408e-09,1.4408,17.2891,4.0706,4.0721,0.0000,2.5700e-09
1.4797e-09,1.4797,17.7564,4.1806,4.1821,0.0000,2.5700e-09
1.5186e-09,1.5186,18.2236,4.2907,4.2922,0.0000,2.5700e-09
1.5576e-09,1.5576,18.6909,4.4007,4.4022,0.0000,2.5700e-09
1.5965e-09,1.5965,19.1582,4.5107,4.5123,0.0000,2.5700e-09
1.6355e-09,1.6355,19.6255,4.6207,4.6223,0.0000,2.5700e-09
1.6744e-09,1.6744,20.0927,4.7307,4.7324,0.0000,2.5700e-09
1.7133e-09,1.7133,20.5600,4.8407,4.8425,0.0000,2.5700e-09
1.7523e-09,1.7523,21.0273,4.9508,4.9525,0.0000,2.5700e-09
1.7912e-09,1.7912,21.4945,5.0608,5.0626,0.0000,2.5700e-09
1.8302e-09,1.8302,21.9618,5.1708,5.1726,0.0000,2.5700e-09
1.8691e-09,1.8691,22.4291,5.2808,5.2827,0.0000,2.5700e-09
1.9080e-09,1.9080,22.8964,5.3908,5.3927,0.0000,2.5700e-09
1.9470e-09,1.9470,23.3636,5.5008,5.5028,0.0000,2.5700e-09
1.9859e-09,1.9859,23.8309,5.6109,5.6128,0.0000,2.5700e-09
2.0248e-09,2.0248,24.2982,5.7209,5.7229,0.0000,2.5700e-09
2.0638e-09,2.0638,24.7655,5.8309,5.8330,0.0000,2.5700e-09
2.1027e-09,2.1027,25.2327,5.9409,5.9430,0.0000,2.5700e-09
2.1417e-09,2.1417,25.7000,6.0509,6.0531,0.0000,2.5700e-09
2.1806e-09,2.1806,26.1673,6.1609,6.1631,0.0000,2.5700e-09
2.2195e-09,2.2195,26.6345,6.2710,6.2732,0.0000,2.5700e-09
2.2585e-09,2.2585,27.1018,6.3810,6.3832,0.0000,2.5700e-09
2.2974e-09,2.2974,27.5691,6.4910,6.4933,0.0000,2.5700e-09
2.3364e-09,2.3364,28.0364,6.6010,6.6033,0.0000,2.5700e-09
2.3753e-09,2.3753,28.5036,6.7110,6.7134,0.0000,2.5700e-09
2.4142e-09,2.4142,28.9709,6.8210,6.8235,0.0000,2.5700e-09
2.4532e-09,2.4532,29.4382,6.9311,6.9335,0.0000,2.5700e-09
2.4921e-09,2.4921,29.9055,7.0411,7.0436,0.0000,2.5700e-09
2.5311e-09,2.5311,30.3727,7.1511,7.1536,0.0000,2.5700e-09
2.5700e-09,2.5700,30.8400,7.2611,7.2637,0.0000,2.5700e-09
2.6089e-09,2.5700,30.8400,7.2611,7.2637,0.0149,2.6089e-09
2.6479e-09,2.5700,30.8400,7.2611,7.2638,0.0294,2.6479e-09
2.6868e-09,2.5700,30.8400,7.2611,7.2638,0.0435,2.6868e-09
2.7258e-09,2.5700,30.8399,7.2611,7.2638,0.0571,2.7258e-09
2.7647e-09,2.5700,30.8399,7.2611,7.2639,0.0704,2.7647e-09
2.8036e-09,2.5700,30.8399,7.2611,7.2639,0.0833,2.8036e-09
2.8426e-09,2.5700,30.8399,7.2611,7.2639,0.0959,2.8426e-09
2.8815e-09,2.5700,30.8399,7.2611,7.2640,0.1081,2.8815e-09
2.9205e-09,2.5700,30.8399,7.2611,7.2640,0.1200,2.9205e-09
2.9594e-09,2.5700,30.8399,7.2611,7.2640,0.1316,2.9594e-09
2.9983e-09,2.5700,30.8399,7.2611,7.2641,0.1429,2.9983e-09
3.0373e-09,2.5700,30.8398,7.2611,7.2641,0.1539,3.0373e-09
3.0762e-09,2.5700,30.8398,7.2611,7.2642,0.1646,3.0762e-09
3.1152e-09,2.5700,30.8398,7.2611,7.2642,0.1750,3.1152e-09
3.1541e-09,2.5700,30.8398,7.2611,7.2642,0.1852,3.1541e-09
3.1930e-09,2.5700,30.8398,7.2611,7.2643,0.1951,3.1930e-09
3.2320e-09,2.5700,30.8398,7.2611,7.2643,0.2048,3.2320e-09
3.2709e-09,2.5700,30.8398,7.2611,7.2643,0.2143,3.2709e-09
3.3098e-09,2.5700,30.8398,7.2611,7.2644,0.2235,3.3098e-09
3.3488e-09,2.5700,30.8397,7.2611,7.2644,0.2326,3.3488e-09
3.3877e-09,2.5700,30.8397,7.2611,7.2644,0.2414,3.3877e-09
3.4267e-09,2.5700,30.8397,7.2610,7.2645,0.2500,3.4267e-09
3.4656e-09,2.5700,30.8397,7.2610,7.2645,0.2584,3.4656e-09
3.5045e-09,2.5700,30.8397,7.2610,7.2645,0.2667,3.5045e-09
3.5435e-09,2.5700,30.8397,7.2610,7.2646,0.2747,3.5435e-09
3.5824e-09,2.5700,30.8397,7.2610,7.2646,0.2826,3.5824e-09
3.6214e-09,2.5700,30.8397,7.2610,7.2647,0.2903,3.6214e-09
3.6603e-09,2.5700,30.8396,7.2610,7.2647,0.2979,3.6603e-09
3.6992e-09,2.5700,30.8396,7.2610,7.2647,0.3053,3.6992e-09
3.7382e-09,2.5700,30.8396,7.2610,7.2648,0.3125,3.7382e-09
3.7771e-09,2.5700,30.8396,7.2610,7.2648,0.3196,3.7771e-09
3.8161e-09,2.5700,30.8396,7.2610,7.2648,0.3265,3.8161e-09
3.8550e-09,2.5700,30.8396,7.2610,7.2649,0.3333,3.8550e-09
3.2746e-07,2.5612,30.7344,7.2362,7.5637,0.9922,3.2746e-07
6.5106e-07,2.5524,30.6292,7.2115,7.8625,0.9961,6.5106e-07
9.7466e-07,2.5437,30.5240,7.1867,8.1614,0.9974,9.7466e-07
1.2983e-06,2.5349,30.4188,7.1619,8.4602,0.9980,1.2983e-06
1.6219e-06,2.5261,30.3136,7.1372,8.7590,0.9984,1.6219e-06
1.9455e-06,2.5174,30.2084,7.1124,9.0579,0.9987,1.9455e-06
2.2691e-06,2.5086,30.1031,7.0876,9.3567,0.9989,2.2691e-06
2.5927e-06,2.4998,29.9979,7.0629,9.6555,0.9990,2.5927e-06
2.9163e-06,2.4911,29.8927,7.0381,9.9544,0.9991,2.9163e-06
3.2399e-06,2.4823,29.7875,7.0133,10.2532,0.9992,3.2399e-06
3.5635e-06,2.4735,29.6823,6.9885,10.5520,0.9993,3.5635e-06
3.8871e-06,2.4648,29.5771,6.9638,10.8509,0.9994,3.8871e-06
4.2107e-06,2.4560,29.4719,6.9390,11.1497,0.9994,4.2107e-06
4.5343e-06,2.4472,29.3667,6.9142,11.4485,0.9995,4.5343e-06
4.8579e-06,2.4385,29.2615,6.8895,11.7474,0.9995,4.8579e-06
5.1815e-06,2.4297,29.1563,6.8647,12.0462,0.9995,5.1815e-06
5.5051e-06,2.4209,29.0511,6.8399,12.3450,0.9996,5.5051e-06
5.8287e-06,2.4122,28.9459,6.8152,12.6439,0.9996,5.8287e-06
6.1523e-06,2.4034,28.8407,6.7904,12.9427,0.9996,6.1523e-06
6.4759e-06,2.3946,28.7355,6.7656,13.2415,0.9996,6.4759e-06
6.7995e-06,2.3859,28.6303,6.7408,13.5404,0.9996,6.7995e-06
7.1231e-06,2.3771,28.5251,6.7161,13.8392,0.9997,7.1231e-06
7.4467e-06,2.3683,28.4199,6.6913,14.1380,0.9997,7.4467e-06
7.7703e-06,2.3596,28.3147,6.6665,14.4369,0.9997,7.7703e-06
8.0939e-06,2.3508,28.2094,6.6418,14.7357,0.9997,8.0939e-06
8.4175e-06,2.3420,28.1042,6.6170,15.0345,0.9997,8.4175e-06
8.7411e-06,2.3333,27.9990,6.5922,15.3334,0.9997,8.7411e-06
9.0647e-06,2.3245,27.8938,6.5675,15.6322,0.9997,9.0647e-06
9.3883e-06,2.3157,27.7886,6.5427,15.9310,0.9998,9.3883e-06
9.7119e-06,2.3070,27.6834,6.5179,16.2299,0.9998,9.7119e-06
1.0036e-05,2.2982,27.5782,6.4931,16.5287,0.9998,1.0036e-05
1.0359e-05,2.2894,27.4730,6.4684,16.8275,0.9998,1.0359e-05
1.0683e-05,2.2807,27.3678,6.4436,17.1264,0.9998,1.0683e-05
1.1006e-05,2.2719,27.2626,6.4188,17.4252,0.9998,1.1006e-05
1.1330e-05,2.2631,27.1574,6.3941,17.7240,0.9998,1.1330e-05
1.1654e-05,2.2543,27.0522,6.3693,18.0228,0.9998,1.1654e-05
1.1977e-05,2.2456,26.9470,6.3445,18.3217,0.9998,1.1977e-05
1.2301e-05,2.2368,26.8418,6.3198,18.6205,0.9998,1.2301e-05
1.2624e-05,2.2280,26.7366,6.2950,18.9193,0.9998,1.2624e-05
1.2948e-05,2.2193,26.6314,6.2702,19.2182,0.9998,1.2948e-05
1.3272e-05,2.2105,26.5262,6.2454,19.5170,0.9998,1.3272e-05
1.3595e-05,2.2017,26.4210,6.2207,19.8158,0.9998,1.3595e-05
1.3919e-05,2.1930,26.3158,6.1959,20.1147,0.9998,1.3919e-05
1.4242e-05,2.1842,26.2105,6.1711,20.4135,0.9998,1.4242e-05
1.4566e-05,2.1754,26.1053,6.1464,20.7123,0.9999,1.4566e-05
1.4890e-05,2.1667,26.0001,6.1216,21.0112,0.9999,1.4890e-05
1.5213e-05,2.1579,25.8949,6.0968,21.3100,0.9999,1.5213e-05
1.5537e-05,2.1491,25.7897,6.0721,21.6088,0.9999,1.5537e-05
1.5860e-05,2.1404,25.6845,6.0473,21.9077,0.9999,1.5860e-05
1.6184e-05,2.1316,25.5793,6.0225,22.2065,0.9999,1.6184e-05
1.6508e-05,2.1228,25.4741,5.9977,22.5053,0.9999,1.6508e-05
1.6831e-05,2.1141,25.3689,5.9730,22.8042,0.9999,1.6831e-05
1.7155e-05,2.1053,25.2637,5.9482,23.1030,0.9999,1.7155e-05
1.7478e-05,2.0965,25.1585,5.9234,23.4018,0.9999,1.7478e-05
1.7802e-05,2.0878,25.0533,5.8987,23.7007,0.9999,1.7802e-05
1.8126e-05,2.0790,24.9481,5.8739,23.9995,0.9999,1.8126e-05
1.8449e-05,2.0702,24.8429,5.8491,24.2983,0.9999,1.8449e-05
1.8773e-05,2.0615,24.7377,5.8244,24.5972,0.9999,1.8773e-05
1.9096e-05,2.0527,24.6325,5.7996,24.8960,0.9999,1.9096e-05
1.9420e-05,2.0439,24.5273,5.7748,25.1948,0.9999,1.9420e-05
1.9744e-05,2.0352,24.4221,5.7500,25.4937,0.9999,1.9744e-05
2.0067e-05,2.0264,24.3169,5.7253,25.7925,0.9999,2.0067e-05
2.0391e-05,2.0176,24.2116,5.7005,26.0913,0.9999,2.0391e-05
2.0714e-05,2.0089,24.1064,5.6757,26.3902,0.9999,2.0714e-05
2.1038e-05,2.0001,24.0012,5.6510,26.6890,0.9999,2.1038e-05
2.1362e-05,1.9913,23.8960,5.6262,26.9878,0.9999,2.1362e-05
2.1685e-05,1.9826,23.7908,5.6014,27.2867,0.9999,2.1685e-05
2.2009e-05,1.9738,23.6856,5.5767,27.5855,0.9999,2.2009e-05
2.2332e-05,1.9650,23.5804,5.5519,27.8843,0.9999,2.2332e-05
2.2656e-05,1.9563,23.4752,5.5271,28.1832,0.9999,2.2656e-05
2.2980e-05,1.9475,23.3700,5.5023,28.4820,0.9999,2.2980e-05
2.3303e-05,1.9387,23.2648,5.4776,28.7808,0.9999,2.3303e-05
2.3627e-05,1.9300,23.1596,5.4528,29.0797,0.9999,2.3627e-05
2.3950e-05,1.9212,23.0544,5.4280,29.3785,0.9999,2.3950e-05
2.4274e-05,1.9124,22.9492,5.4033,29.6773,0.9999,2.4274e-05
2.4598e-05,1.9037,22.8440,5.3785,29.9762,0.9999,2.4598e-05
2.4921e-05,1.8949,22.7388,5.3537,30.2750,0.9999,2.4921e-05
2.5245e-05,1.8861,22.6336,5.3290,30.5738,0.9999,2.5245e-05
2.5568e-05,1.8774,22.5284,5.3042,30.8727,0.9999,2.5568e-05
2.5892e-05,1.8686,22.4232,5.2794,31.1715,0.9999,2.5892e-05
2.6216e-05,1.8598,22.3179,5.2546,31.4703,0.9999,2.6216e-05
2.6539e-05,1.8511,22.2127,5.2299,31.7692,0.9999,2.6539e-05
2.6863e-05,1.8423,22.1075,5.2051,32.0680,0.9999,2.6863e-05
2.7186e-05,1.8335,22.0023,5.1803,32.3668,0.9999,2.7186e-05
2.7510e-05,1.8248,21.8971,5.1556,32.6657,0.9999,2.7510e-05
2.7834e-05,1.8160,21.7919,5.1308,32.9645,0.9999,2.7834e-05
2.8157e-05,1.8072,21.6867,5.1060,33.2633,0.9999,2.8157e-05
2.8481e-05,1.7985,21.5815,5.0813,33.5622,0.9999,2.8481e-05
2.8805e-05,1.7897,21.4763,5.0565,33.8610,0.9999,2.8805e-05
2.9128e-05,1.7809,21.3711,5.0317,34.1598,0.9999,2.9128e-05
2.9452e-05,1.7722,21.2659,5.0069,34.4587,0.9999,2.9452e-05
2.9775e-05,1.7634,21.1607,4.9822,34.7575,0.9999,2.9775e-05
3.0099e-05,1.7546,21.0555,4.9574,35.0563,0.9999,3.0099e-05
3.0423e-05,1.7459,20.9503,4.9326,35.3551,0.9999,3.0423e-05
3.0746e-05,1.7371,20.8451,4.9079,35.6540,0.9999,3.0746e-05
3.1070e-05,1.7283,20.7399,4.8831,35.9528,0.9999,3.1070e-05
3.1393e-05,1.7196,20.6347,4.8583,36.2516,0.9999,3.1393e-05
3.1717e-05,1.7108,20.5295,4.8336,36.5505,0.9999,3.1717e-05
3.2041e-05,1.7020,20.4243,4.8088,36.8493,0.9999,3.2041e-05
3.2364e-05,1.6933,20.3190,4.7840,37.1481,0.9999,3.2364e-05
3.2688e-05,1.6845,20.2138,4.7592,37.4470,0.9999,3.2688e-05
3.3011e-05,1.6757,20.1086,4.7345,37.7458,0.9999,3.3011e-05
3.3335e-05,1.6670,20.0034,4.7097,38.0446,0.9999,3.3335e-05
3.3659e-05,1.6582,19.8982,4.6849,38.3435,1.0000,3.3659e-05
3.3982e-05,1.6494,19.7930,4.6602,38.6423,1.0000,3.3982e-05
3.4306e-05,1.6407,19.6878,4.6354,38.9411,1.0000,3.4306e-05
3.4629e-05,1.6319,19.5826,4.6106,39.2400,1.0000,3.4629e-05
3.4953e-05,1.6231,19.4774,4.5859,39.5388,1.0000,3.4953e-05
3.5277e-05,1.6143,19.3722,4.5611,39.8376,1.0000,3.5277e-05
3.5600e-05,1.6056,19.2670,4.5363,40.1365,1.0000,3.5600e-05
3.5924e-05,1.5968,19.1618,4.5115,40.4353,1.0000,3.5924e-05
3.6247e-05,1.5880,19.0566,4.4868,40.7341,1.0000,3.6247e-05
3.6571e-05,1.5793,18.9514,4.4620,41.0330,1.0000,3.6571e-05
3.6895e-05,1.5705,18.8462,4.4372,41.3318,1.0000,3.6895e-05
3.7218e-05,1.5617,18.7410,4.4125,41.6306,1.0000,3.7218e-05
3.7542e-05,1.5530,18.6358,4.3877,41.9295,1.0000,3.7542e-05
3.7865e-05,1.5442,18.5306,4.3629,42.2283,1.0000,3.7865e-05
3.8189e-05,1.5354,18.4254,4.3382,42.5271,1.0000,3.8189e-05
3.8513e-05,1.5267,18.3201,4.3134,42.8260,1.0000,3.8513e-05
3.8836e-05,1.5179,18.2149,4.2886,43.1248,1.0000,3.8836e-05
3.9160e-05,1.5091,18.1097,4.2638,43.4236,1.0000,3.9160e-05
3.9483e-05,1.5004,18.0045,4.2391,43.7225,1.0000,3.9483e-05
3.9807e-05,1.4916,17.8993,4.2143,44.0213,1.0000,3.9807e-05
4.0131e-05,1.4828,17.7941,4.1895,44.3201,1.0000,4.0131e-05
4.0454e-05,1.4741,17.6889,4.1648,44.6190,1.0000,4.0454e-05
4.0778e-05,1.4653,17.5837,4.1400,44.9178,1.0000,4.0778e-05
4.1101e-05,1.4565,17.4785,4.1152,45.2166,1.0000,4.1101e-05
4.1425e-05,1.4478,17.3733,4.0905,45.5155,1.0000,4.1425e-05
4.1749e-05,1.4390,17.2681,4.0657,45.8143,1.0000,4.1749e-05
4.2072e-05,1.4302,17.1629,4.0409,46.1131,1.0000,4.2072e-05
4.2396e-05,1.4215,17.0577,4.0161,46.4120,1.0000,4.2396e-05
4.2719e-05,1.4127,16.9525,3.9914,46.7108,1.0000,4.2719e-05
4.3043e-05,1.4039,16.8473,3.9666,47.0096,1.0000,4.3043e-05
4.3367e-05,1.3952,16.7421,3.9418,47.3085,1.0000,4.3367e-05
4.3690e-05,1.3864,16.6369,3.9171,47.6073,1.0000,4.3690e-05
4.4014e-05,1.3776,16.5317,3.8923,47.9061,1.0000,4.4014e-05
4.4337e-05,1.3689,16.4264,3.8675,48.2050,1.0000,4.4337e-05
4.4661e-05,1.3601,16.3212,3.8427,48.5038,1.0000,4.4661e-05
4.4985e-05,1.3513,16.2160,3.8180,48.8026,1.0000,4.4985e-05
4.5308e-05,1.3426,16.1108,3.7932,49.1015,1.0000,4.5308e-05
4.5632e-05,1.3338,16.0056,3.7684,49.4003,1.0000,4.5632e-05
4.5955e-05,1.3250,15.9004,3.7437,49.6991,1.0000,4.5955e-05
4.6279e-05,1.3163,15.7952,3.7189,49.9980,1.0000,4.6279e-05
4.6603e-05,1.3075,15.6900,3.6941,50.2968,1.0000,4.6603e-05
4.6926e-05,1.2987,15.5848,3.6694,50.5956,1.0000,4.6926e-05
4.7250e-05,1.2900,15.4796,3.6446,50.8945,1.0000,4.7250e-05
4.7573e-05,1.2812,15.3744,3.6198,51.1933,1.0000,4.7573e-05
4.7897e-05,1.2724,15.2692,3.5950,51.4921,1.0000,4.7897e-05
4.8221e-05,1.2637,15.1640,3.5703,51.7910,1.0000,4.8221e-05
4.8544e-05,1.2549,15.0588,3.5455,52.0898,1.0000,4.8544e-05
4.8868e-05,1.2461,14.9536,3.5207,52.3886,1.0000,4.8868e-05
4.9191e-05,1.2374,14.8484,3.4960,52.6874,1.0000,4.9191e-05
4.9515e-05,1.2286,14.7432,3.4712,52.9863,1.0000,4.9515e-05
4.9839e-05,1.2198,14.6380,3.4464,53.2851,1.0000,4.9839e-05
5.0162e-05,1.2111,14.5328,3.4217,53.5839,1.0000,5.0162e-05
5.0486e-05,1.2023,14.4275,3.3969,53.8828,1.0000,5.0486e-05
5.0809e-05,1.1935,14.3223,3.3721,54.1816,1.0000,5.0809e-05
5.1133e-05,1.1848,14.2171,3.3473,54.4804,1.0000,5.1133e-05
5.1457e-05,1.1760,14.1119,3.3226,54.7793,1.0000,5.1457e-05
5.1780e-05,1.1672,14.0067,3.2978,55.0781,1.0000,5.1780e-05
5.2104e-05,1.1585,13.9015,3.2730,55.3769,1.0000,5.2104e-05
5.2428e-05,1.1497,13.7963,3.2483,55.6758,1.0000,5.2428e-05
5.2751e-05,1.1409,13.6911,3.2235,55.9746,1.0000,5.2751e-05
5.3075e-05,1.1322,13.5859,3.1987,56.2734,1.0000,5.3075e-05
5.3398e-05,1.1234,13.4807,3.1740,56.5723,1.0000,5.3398e-05
5.3722e-05,1.1146,13.3755,3.1492,56.8711,1.0000,5.3722e-05
5.4046e-05,1.1059,13.2703,3.1244,57.1699,1.0000,5.4046e-05
5.4369e-05,1.0971,13.1651,3.0996,57.4688,1.0000,5.4369e-05
5.4693e-05,1.0883,13.0599,3.0749,57.7676,1.0000,5.4693e-05
5.5016e-05,1.0796,12.9547,3.0501,58.0664,1.0000,5.5016e-05
5.5340e-05,1.0708,12.8495,3.0253,58.3653,1.0000,5.5340e-05
5.5664e-05,1.0620,12.7443,3.0006,58.6641,1.0000,5.5664e-05
5.5987e-05,1.0533,12.6391,2.9758,58.9629,1.0000,5.5987e-05
5.6311e-05,1.0445,12.5339,2.9510,59.2618,1.0000,5.6311e-05
5.6634e-05,1.0357,12.4286,2.9263,59.5606,1.0000,5.6634e-05
5.6958e-05,1.0270,12.3234,2.9015,59.8594,1.0000,5.6958e-05
5.7282e-05,1.0182,12.2182,2.8767,60.1583,1.0000,5.7282e-05
5.7605e-05,1.0094,12.1130,2.8519,60.4571,1.0000,5.7605e-05
5.7929e-05,1.0007,12.0078,2.8272,60.7559,1.0000,5.7929e-05
5.8252e-05,0.9919,11.9026,2.8024,61.0548,1.0000,5.8252e-05
5.8576e-05,0.9831,11.7974,2.7776,61.3536,1.0000,5.8576e-05
5.8900e-05,0.9744,11.6922,2.7529,61.6524,1.0000,5.8900e-05
5.9223e-05,0.9656,11.5870,2.7281,61.9513,1.0000,5.9223e-05
5.9547e-05,0.9568,11.4818,2.7033,62.2501,1.0000,5.9547e-05
5.9870e-05,0.9480,11.3766,2.6786,62.5489,1.0000,5.9870e-05
6.0194e-05,0.9393,11.2714,2.6538,62.8478,1.0000,6.0194e-05
6.0518e-05,0.9305,11.1662,2.6290,63.1466,1.0000,6.0518e-05
6.0841e-05,0.9217,11.0610,2.6042,63.4454,1.0000,6.0841e-05
6.1165e-05,0.9130,10.9558,2.5795,63.7443,1.0000,6.1165e-05
6.1488e-05,0.9042,10.8506,2.5547,64.0431,1.0000,6.1488e-05
6.1812e-05,0.8954,10.7454,2.5299,64.3419,1.0000,6.1812e-05
6.2136e-05,0.8867,10.6402,2.5052,64.6408,1.0000,6.2136e-05
6.2459e-05,0.8779,10.5350,2.4804,64.9396,1.0000,6.2459e-05
6.2783e-05,0.8691,10.4297,2.4556,65.2384,1.0000,6.2783e-05
6.3106e-05,0.8604,10.3245,2.4309,65.5373,1.0000,6.3106e-05
6.3430e-05,0.8516,10.2193,2.4061,65.8361,1.0000,6.3430e-05
6.3754e-05,0.8428,10.1141,2.3813,66.1349,1.0000,6.3754e-05
6.4077e-05,0.8341,10.0089,2.3565,66.4338,1.0000,6.4077e-05
6.4401e-05,0.8253,9.9037,2.3318,66.7326,1.0000,6.4401e-05
6.4724e-05,0.8165,9.7985,2.3070,67.0314,1.0000,6.4724e-05
6.5048e-05,0.8078,9.6933,2.2822,67.3303,1.0000,6.5048e-05
6.5372e-05,0.7990,9.5881,2.2575,67.6291,1.0000,6.5372e-05
6.5695e-05,0.7902,9.4829,2.2327,67.9279,1.0000,6.5695e-05
6.6019e-05,0.7815,9.3777,2.2079,68.2268,1.0000,6.6019e-05
6.6342e-05,0.7727,9.2725,2.1832,68.5256,1.0000,6.6342e-05
6.6666e-05,0.7639,9.1673,2.1584,68.8244,1.0000,6.6666e-05
6.6990e-05,0.7552,9.0621,2.1336,69.1233,1.0000,6.6990e-05
6.7313e-05,0.7464,8.9569,2.1088,69.4221,1.0000,6.7313e-05
6.7637e-05,0.7376,8.8517,2.0841,69.7209,1.0000,6.7637e-05
6.7960e-05,0.7289,8.7465,2.0593,70.0197,1.0000,6.7960e-05
6.8284e-05,0.7201,8.6413,2.0345,70.3186,1.0000,6.8284e-05
6.8608e-05,0.7113,8.5360,2.0098,70.6174,1.0000,6.8608e-05
6.8931e-05,0.7026,8.4308,1.9850,70.9162,1.0000,6.8931e-05
6.9255e-05,0.6938,8.3256,1.9602,71.2151,1.0000,6.9255e-05
6.9578e-05,0.6850,8.2204,1.9355,71.5139,1.0000,6.9578e-05
6.9902e-05,0.6763,8.1152,1.9107,71.8127,1.0000,6.9902e-05
7.0226e-05,0.6675,8.0100,1.8859,72.1116,1.0000,7.0226e-05
7.0549e-05,0.6587,7.9048,1.8611,72.4104,1.0000,7.0549e-05
7.0873e-05,0.6500,7.7996,1.8364,72.7092,1.0000,7.0873e-05
7.1196e-05,0.6412,7.6944,1.8116,73.0081,1.0000,7.1196e-05
7.1520e-05,0.6324,7.5892,1.7868,73.3069,1.0000,7.1520e-05
7.1844e-05,0.6237,7.4840,1.7621,73.6057,1.0000,7.1844e-05
7.2167e-05,0.6149,7.3788,1.7373,73.9046,1.0000,7.2167e-05
7.2491e-05,0.6061,7.2736,1.7125,74.2034,1.0000,7.2491e-05
7.2814e-05,0.5974,7.1684,1.6878,74.5022,1.0000,7.2814e-05
7.3138e-05,0.5886,7.0632,1.6630,74.8011,1.0000,7.3138e-05
7.3462e-05,0.5798,6.9580,1.6382,75.0999,1.0000,7.3462e-05
7.3785e-05,0.5711,6.8528,1.6134,75.3987,1.0000,7.3785e-05
7.4109e-05,0.5623,6.7476,1.5887,75.6976,1.0000,7.4109e-05
7.4432e-05,0.5535,6.6424,1.5639,75.9964,1.0000,7.4432e-05
7.4756e-05,0.5448,6.5371,1.5391,76.2952,1.0000,7.4756e-05
7.5080e-05,0.5360,6.4319,1.5144,76.5941,1.0000,7.5080e-05
7.5403e-05,0.5272,6.3267,1.4896,76.8929,1.0000,7.5403e-05
7.5727e-05,0.5185,6.2215,1.4648,77.1917,1.0000,7.5727e-05
7.6051e-05,0.5097,6.1163,1.4401,77.4906,1.0000,7.6051e-05
7.6374e-05,0.5009,6.0111,1.4153,77.7894,1.0000,7.6374e-05
7.6698e-05,0.4922,5.9059,1.3905,78.0882,1.0000,7.6698e-05
7.7021e-05,0.4834,5.8007,1.3657,78.3871,1.0000,7.7021e-05
7.7345e-05,0.4746,5.6955,1.3410,78.6859,1.0000,7.7345e-05
7.7669e-05,0.4659,5.5903,1.3162,78.9847,1.0000,7.7669e-05
7.7992e-05,0.4571,5.4851,1.2914,79.2836,1.0000,7.7992e-05
7.8316e-05,0.4483,5.3799,1.2667,79.5824,1.0000,7.8316e-05
7.8639e-05,0.4396,5.2747,1.2419,79.8812,1.0000,7.8639e-05
7.8963e-05,0.4308,5.1695,1.2171,80.1801,1.0000,7.8963e-05
7.9287e-05,0.4220,5.0643,1.1924,80.4789,1.0000,7.9287e-05
7.9610e-05,0.4133,4.9591,1.1676,80.7777,1.0000,7.9610e-05
7.9934e-05,0.4045,4.8539,1.1428,81.0766,1.0000,7.9934e-05
8.0257e-05,0.3957,4.7487,1.1180,81.3754,1.0000,8.0257e-05
8.0581e-05,0.3870,4.6435,1.0933,81.6742,1.0000,8.0581e-05
8.0905e-05,0.3782,4.5382,1.0685,81.9731,1.0000,8.0905e-05
8.1228e-05,0.3694,4.4330,1.0437,82.2719,1.0000,8.1228e-05
8.1552e-05,0.3607,4.3278,1.0190,82.5707,1.0000,8.1552e-05
8.1875e-05,0.3519,4.2226,0.9942,82.8696,1.0000,8.1875e-05
8.2199e-05,0.3431,4.1174,0.9694,83.1684,1.0000,8.2199e-05
8.2523e-05,0.3344,4.0122,0.9447,83.4672,1.0000,8.2523e-05
8.2846e-05,0.3256,3.9070,0.9199,83.7661,1.0000,8.2846e-05
8.3170e-05,0.3168,3.8018,0.8951,84.0649,1.0000,8.3170e-05
8.3493e-05,0.3081,3.6966,0.8703,84.3637,1.0000,8.3493e-05
8.3817e-05,0.2993,3.5914,0.8456,84.6626,1.0000,8.3817e-05
8.4141e-05,0.2905,3.4862,0.8208,84.9614,1.0000,8.4141e-05
8.4464e-05,0.2817,3.3810,0.7960,85.2602,1.0000,8.4464e-05
8.4788e-05,0.2730,3.2758,0.7713,85.5591,1.0000,8.4788e-05
8.5111e-05,0.2642,3.1706,0.7465,85.8579,1.0000,8.5111e-05
8.5435e-05,0.2554,3.0654,0.7217,86.1567,1.0000,8.5435e-05
8.5759e-05,0.2467,2.9602,0.6970,86.4555,1.0000,8.5759e-05
8.6082e-05,0.2379,2.8550,0.6722,86.7544,1.0000,8.6082e-05
8.6406e-05,0.2291,2.7498,0.6474,87.0532,1.0000,8.6406e-05
8.6729e-05,0.2204,2.6445,0.6226,87.3520,1.0000,8.6729e-05
8.7053e-05,0.2116,2.5393,0.5979,87.6509,1.0000,8.7053e-05
8.7377e-05,0.2028,2.4341,0.5731,87.9497,1.0000,8.7377e-05
8.7700e-05,0.1941,2.3289,0.5483,88.2485,1.0000,8.7700e-05
8.8024e-05,0.1853,2.2237,0.5236,88.5474,1.0000,8.8024e-05
8.8347e-05,0.1765,2.1185,0.4988,88.8462,1.0000,8.8347e-05
8.8671e-05,0.1678,2.0133,0.4740,89.1450,1.0000,8.8671e-05
8.8995e-05,0.1590,1.9081,0.4493,89.4439,1.0000,8.8995e-05
8.9318e-05,0.1502,1.8029,0.4245,89.7427,1.0000,8.9318e-05
8.9642e-05,0.1415,1.6977,0.3997,90.0415,1.0000,8.9642e-05
8.9965e-05,0.1327,1.5925,0.3749,90.3404,1.0000,8.9965e-05
9.0289e-05,0.1239,1.4873,0.3502,90.6392,1.0000,9.0289e-05
9.0613e-05,0.1152,1.3821,0.3254,90.9380,1.0000,9.0613e-05
9.0936e-05,0.1064,1.2769,0.3006,91.2369,1.0000,9.0936e-05
9.1260e-05,0.0976,1.1717,0.2759,91.5357,1.0000,9.1260e-05
9.1583e-05,0.0889,1.0665,0.2511,91.8345,1.0000,9.1583e-05
9.1907e-05,0.0801,0.9613,0.2263,92.1334,1.0000,9.1907e-05
9.2231e-05,0.0713,0.8561,0.2016,92.4322,1.0000,9.2231e-05
9.2554e-05,0.0626,0.7509,0.1768,92.7310,1.0000,9.2554e-05
9.2878e-05,0.0538,0.6456,0.1520,93.0299,1.0000,9.2878e-05
9.3201e-05,0.0450,0.5404,0.1272,93.3287,1.0000,9.3201e-05
9.3525e-05,0.0363,0.4352,0.1025,93.6275,1.0000,9.3525e-05
9.3849e-05,0.0275,0.3300,0.0777,93.9264,1.0000,9.3849e-05
9.4172e-05,0.0187,0.2248,0.0529,94.2252,1.0000,9.4172e-05
9.4496e-05,0.0100,0.1196,0.0282,94.5240,1.0000,9.4496e-05
9.4819e-05,0.0012,0.0144,0.0034,94.8229,1.0000,9.4819e-05
9.5143e-05,0.0000,0.0000,0.0000,95.1431,1.0000,9.5143e-05
9.5467e-05,0.0000,0.0000,0.0000,95.4667,1.0000,9.5467e-05
9.5790e-05,0.0000,0.0000,0.0000,95.7903,1.0000,9.5790e-05
9.6114e-05,0.0000,0.0000,0.0000,96.1139,1.0000,9.6114e-05
9.6437e-05,0.0000,0.0000,0.0000,96.4375,1.0000,9.6437e-05
9.6761e-05,0.0000,0.0000,0.0000,96.7611,1.0000,9.6761e-05
